Row ID,Order ID,Order Date,Ship Date,Ship Mode,Customer ID,Customer Name,Segment,Country,City,State,Postal Code,Region,Product ID,Category,Sub-Category,Product Name,Sales,Quantity,Discount,Profit
3060,CA-2017-131492,10/19/2017,10/24/2017,Second Class,HH-15010,Hilary Holden,Corporate,United States,San Francisco,California,94110,West,FUR-TA-10003837,Furniture,Tables,Anderson Hickey Conga Table Tops & Accessories,24.368,2,0.2,-3.3506
4109,CA-2015-105599,9/7/2015,9/7/2015,Same Day,MC-17275,Marc Crier,Consumer,United States,New York City,New York,10011,East,FUR-TA-10003837,Furniture,Tables,Anderson Hickey Conga Table Tops & Accessories,27.414,3,0.4,-14.1639
6800,CA-2016-109827,12/25/2016,1/1/2017,Standard Class,LW-16825,Laurel Workman,Corporate,United States,Phoenix,Arizona,85023,West,FUR-TA-10002607,Furniture,Tables,KI Conference Tables,35.445,1,0.5,-24.1026
4740,CA-2015-105725,2/18/2015,2/24/2015,Standard Class,GT-14755,Guy Thornton,Consumer,United States,Long Beach,California,90805,West,FUR-TA-10001676,Furniture,Tables,Hon 61000 Series Interactive Training Tables,35.544,1,0.2,-0.8886
5294,CA-2015-111073,12/26/2015,12/30/2015,Standard Class,MC-18100,Mick Crebagga,Consumer,United States,Medina,Ohio,44256,East,FUR-TA-10004086,Furniture,Tables,KI Adjustable-Height Table,51.588,1,0.4,-15.4764
3980,CA-2014-114517,12/23/2014,12/27/2014,Standard Class,TH-21235,Tiffany House,Corporate,United States,New York City,New York,10024,East,FUR-TA-10001676,Furniture,Tables,Hon 61000 Series Interactive Training Tables,53.316,2,0.4,-19.5492
1396,US-2017-117247,10/9/2017,10/14/2017,Standard Class,CK-12760,Cyma Kinney,Corporate,United States,Aurora,Illinois,60505,Central,FUR-TA-10001676,Furniture,Tables,Hon 61000 Series Interactive Training Tables,66.645,3,0.5,-42.6528
4057,CA-2014-122931,9/29/2014,10/3/2014,Standard Class,SM-20950,Suzanne McNair,Corporate,United States,Philadelphia,Pennsylvania,19134,East,FUR-TA-10004147,Furniture,Tables,Hon 4060 Series Tables,67.176,1,0.4,-20.1528
8268,CA-2017-121790,1/30/2017,2/6/2017,Standard Class,LP-17095,Liz Preis,Consumer,United States,Aurora,Illinois,60505,Central,FUR-TA-10003469,Furniture,Tables,Balt Split Level Computer Training Table,69.375,1,0.5,-47.175
3355,US-2014-150434,7/19/2014,7/24/2014,Standard Class,CA-12310,Christine Abelman,Corporate,United States,Bristol,Connecticut,6010,East,FUR-TA-10004152,Furniture,Tables,"Barricks 18"" x 48"" Non-Folding Utility Table with Bottom Storage Shelf",70.56,1,0.3,-4.032
1874,CA-2017-142888,11/21/2017,11/25/2017,Standard Class,BP-11230,Benjamin Patterson,Consumer,United States,Spokane,Washington,99207,West,FUR-TA-10004767,Furniture,Tables,Safco Drafting Table,70.98,1,0,20.5842
5696,CA-2016-126165,5/5/2016,5/7/2016,Second Class,AH-10465,Amy Hunt,Consumer,United States,San Francisco,California,94109,West,FUR-TA-10001676,Furniture,Tables,Hon 61000 Series Interactive Training Tables,71.088,2,0.2,-1.7772
9747,CA-2017-137505,11/24/2017,11/24/2017,Same Day,BP-11290,Beth Paige,Consumer,United States,Los Angeles,California,90008,West,FUR-TA-10001676,Furniture,Tables,Hon 61000 Series Interactive Training Tables,71.088,2,0.2,-1.7772
9938,CA-2016-164889,6/3/2016,6/6/2016,Second Class,CP-12340,Christine Phan,Corporate,United States,Los Angeles,California,90049,West,FUR-TA-10001676,Furniture,Tables,Hon 61000 Series Interactive Training Tables,71.088,2,0.2,-1.7772
9041,CA-2014-138177,9/19/2014,9/24/2014,Standard Class,ND-18460,Neil Ducich,Corporate,United States,Chandler,Arizona,85224,West,FUR-TA-10004607,Furniture,Tables,Hon 2111 Invitation Series Straight Table,73.915,1,0.5,-45.8273
3258,US-2016-161844,12/9/2016,12/14/2016,Second Class,DK-12835,Damala Kotsonis,Corporate,United States,Franklin,Tennessee,37064,South,FUR-TA-10001676,Furniture,Tables,Hon 61000 Series Interactive Training Tables,79.974,3,0.4,-29.3238
6951,CA-2017-143021,11/19/2017,11/19/2017,Same Day,AP-10720,Anne Pryor,Home Office,United States,New York City,New York,10011,East,FUR-TA-10001676,Furniture,Tables,Hon 61000 Series Interactive Training Tables,79.974,3,0.4,-29.3238
2278,CA-2014-104283,6/27/2014,7/1/2014,Standard Class,LM-17065,Liz MacKendrick,Consumer,United States,Southaven,Mississippi,38671,South,FUR-TA-10001039,Furniture,Tables,KI Adjustable-Height Table,85.98,1,0,22.3548
9981,US-2015-151435,9/6/2015,9/9/2015,Second Class,SW-20455,Shaun Weien,Consumer,United States,Lafayette,Louisiana,70506,South,FUR-TA-10001039,Furniture,Tables,KI Adjustable-Height Table,85.98,1,0,22.3548
4927,CA-2017-117653,10/19/2017,10/23/2017,Standard Class,MO-17500,Mary O'Rourke,Consumer,United States,Chicago,Illinois,60623,Central,FUR-TA-10003008,Furniture,Tables,"Lesro Round Back Collection Coffee Table, End Table",91.275,1,0.5,-67.5435
3766,CA-2016-163153,3/21/2016,3/25/2016,Standard Class,DM-12955,Dario Medina,Corporate,United States,Houston,Texas,77036,Central,FUR-TA-10004767,Furniture,Tables,Safco Drafting Table,99.372,2,0.3,-1.4196
7047,CA-2014-150581,4/8/2014,4/12/2014,Standard Class,NM-18445,Nathan Mautz,Home Office,United States,Concord,California,94521,West,FUR-TA-10003748,Furniture,Tables,Bevis 36 x 72 Conference Tables,99.592,1,0.2,2.4898
916,US-2014-141215,6/15/2014,6/21/2014,Standard Class,KL-16555,Kelly Lampkin,Corporate,United States,San Antonio,Texas,78207,Central,FUR-TA-10001520,Furniture,Tables,"Lesro Sheffield Collection Coffee Table, End Table, Center Table, Corner Table",99.918,2,0.3,-18.5562
6625,CA-2015-141250,1/19/2015,1/23/2015,Standard Class,PM-18940,Paul MacIntyre,Consumer,United States,Texas City,Texas,77590,Central,FUR-TA-10002855,Furniture,Tables,Bevis Round Conference Table Top & Single Column Base,102.438,1,0.3,-13.1706
9431,CA-2015-166219,8/28/2015,9/1/2015,Standard Class,BP-11185,Ben Peterman,Corporate,United States,Dallas,Texas,75081,Central,FUR-TA-10004607,Furniture,Tables,Hon 2111 Invitation Series Straight Table,103.481,1,0.3,-16.2613
671,US-2017-106663,6/9/2017,6/13/2017,Standard Class,MO-17800,Meg O'Connel,Home Office,United States,Chicago,Illinois,60653,Central,FUR-TA-10000688,Furniture,Tables,"Chromcraft Bull-Nose Wood Round Conference Table Top, Wood Base",108.925,1,0.5,-71.8905
8699,CA-2017-119284,6/15/2017,6/20/2017,Standard Class,TS-21205,Thomas Seio,Corporate,United States,Nashville,Tennessee,37211,South,FUR-TA-10004152,Furniture,Tables,"Barricks 18"" x 48"" Non-Folding Utility Table with Bottom Storage Shelf",120.96,2,0.4,-28.224
7845,US-2017-123834,7/21/2017,7/25/2017,Standard Class,GM-14500,Gene McClure,Consumer,United States,Pharr,Texas,78577,Central,FUR-TA-10001676,Furniture,Tables,Hon 61000 Series Interactive Training Tables,124.404,4,0.3,-21.3264
8977,CA-2017-156622,11/23/2017,11/26/2017,First Class,JP-15460,Jennifer Patt,Corporate,United States,Dallas,Texas,75220,Central,FUR-TA-10003008,Furniture,Tables,"Lesro Round Back Collection Coffee Table, End Table",127.785,1,0.3,-31.0335
5245,CA-2016-156265,8/2/2016,8/4/2016,Second Class,BF-11020,Barry Franzšsisch,Corporate,United States,Los Angeles,California,90032,West,FUR-TA-10001691,Furniture,Tables,"Barricks Non-Folding Utility Table with Steel Legs, Laminate Tops",136.464,2,0.2,15.3522
5704,US-2014-123519,12/14/2014,12/21/2014,Standard Class,SS-20875,Sung Shariari,Consumer,United States,Marion,Ohio,43302,East,FUR-TA-10002645,Furniture,Tables,Hon Rectangular Conference Tables,136.53,1,0.4,-52.3365
6785,CA-2017-121293,7/25/2017,7/28/2017,Second Class,JC-15775,John Castell,Consumer,United States,Philadelphia,Pennsylvania,19143,East,FUR-TA-10001771,Furniture,Tables,"Bush Cubix Conference Tables, Fully Assembled",138.588,1,0.4,-34.647
7317,CA-2016-132066,10/16/2016,10/20/2016,Standard Class,NB-18655,Nona Balk,Corporate,United States,New York City,New York,10011,East,FUR-TA-10001539,Furniture,Tables,Chromcraft Rectangular Conference Tables,142.182,1,0.4,-37.9152
2275,CA-2014-157882,10/3/2014,10/8/2014,Second Class,AR-10405,Allen Rosenblatt,Corporate,United States,Los Angeles,California,90036,West,FUR-TA-10001866,Furniture,Tables,Bevis Round Conference Room Tables and Bases,143.432,1,0.2,3.5858
2438,CA-2014-164210,11/18/2014,11/20/2014,Second Class,PW-19240,Pierre Wener,Consumer,United States,Louisville,Colorado,80027,West,FUR-TA-10000849,Furniture,Tables,Bevis Rectangular Conference Tables,145.98,2,0.5,-99.2664
8985,CA-2016-110898,3/6/2016,3/12/2016,Standard Class,LC-16870,Lena Cacioppo,Consumer,United States,Chicago,Illinois,60623,Central,FUR-TA-10000849,Furniture,Tables,Bevis Rectangular Conference Tables,145.98,2,0.5,-99.2664
6834,CA-2016-153101,9/8/2016,9/8/2016,Same Day,PJ-19015,Pauline Johnson,Consumer,United States,Santa Ana,California,92704,West,FUR-TA-10003008,Furniture,Tables,"Lesro Round Back Collection Coffee Table, End Table",146.04,1,0.2,-12.7785
1406,US-2014-118486,4/6/2014,4/8/2014,First Class,SD-20485,Shirley Daniels,Home Office,United States,Philadelphia,Pennsylvania,19143,East,FUR-TA-10001039,Furniture,Tables,KI Adjustable-Height Table,154.764,3,0.4,-36.1116
3390,CA-2017-148404,10/7/2017,10/11/2017,Standard Class,Dp-13240,Dean percer,Home Office,United States,Charlotte,North Carolina,28205,South,FUR-TA-10001039,Furniture,Tables,KI Adjustable-Height Table,154.764,3,0.4,-36.1116
7146,US-2017-141558,3/11/2017,3/16/2017,Standard Class,MH-17290,Marc Harrigan,Home Office,United States,Philadelphia,Pennsylvania,19140,East,FUR-TA-10004086,Furniture,Tables,KI Adjustable-Height Table,154.764,3,0.4,-46.4292
6134,CA-2016-148096,8/16/2016,8/19/2016,First Class,AO-10810,Anthony O'Donnell,Corporate,United States,Los Angeles,California,90045,West,FUR-TA-10004152,Furniture,Tables,"Barricks 18"" x 48"" Non-Folding Utility Table with Bottom Storage Shelf",161.28,2,0.2,12.096
9468,CA-2017-102925,11/5/2017,11/10/2017,Second Class,CD-12280,Christina DeMoss,Consumer,United States,New York City,New York,10024,East,FUR-TA-10003469,Furniture,Tables,Balt Split Level Computer Training Table,166.5,2,0.4,-66.6
1815,CA-2015-131597,9/14/2015,9/18/2015,Standard Class,SP-20620,Stefania Perrino,Corporate,United States,Los Angeles,California,90045,West,FUR-TA-10002607,Furniture,Tables,KI Conference Tables,170.136,3,0.2,-8.5068
7170,CA-2014-117464,7/22/2014,7/24/2014,Second Class,NP-18325,Naresj Patel,Consumer,United States,San Francisco,California,94122,West,FUR-TA-10004767,Furniture,Tables,Safco Drafting Table,170.352,3,0.2,19.1646
3040,CA-2017-101749,10/3/2017,10/8/2017,Standard Class,AS-10045,Aaron Smayling,Corporate,United States,Pasadena,California,91104,West,FUR-TA-10001520,Furniture,Tables,"Lesro Sheffield Collection Coffee Table, End Table, Center Table, Corner Table",171.288,3,0.2,-6.4233
4510,CA-2017-167003,5/23/2017,5/29/2017,Standard Class,VS-21820,Vivek Sundaresam,Consumer,United States,Los Angeles,California,90036,West,FUR-TA-10001520,Furniture,Tables,"Lesro Sheffield Collection Coffee Table, End Table, Center Table, Corner Table",171.288,3,0.2,-6.4233
1559,CA-2015-112116,3/16/2015,3/18/2015,Second Class,JE-15475,Jeremy Ellison,Consumer,United States,Seattle,Washington,98103,West,FUR-TA-10001039,Furniture,Tables,KI Adjustable-Height Table,171.96,2,0,44.7096
7410,CA-2014-121769,4/8/2014,4/12/2014,Standard Class,JS-15880,John Stevenson,Consumer,United States,Toledo,Ohio,43615,East,FUR-TA-10004442,Furniture,Tables,Riverside Furniture Stanwyck Manor Table Series,172.11,1,0.4,-94.6605
1900,CA-2014-169775,8/29/2014,9/2/2014,Second Class,RA-19945,Ryan Akin,Consumer,United States,Miami,Florida,33178,South,FUR-TA-10001857,Furniture,Tables,Balt Solid Wood Rectangular Table,174.0585,3,0.45,-110.7645
2442,CA-2016-146934,5/22/2016,5/27/2016,Standard Class,AF-10870,Art Ferguson,Consumer,United States,Passaic,New Jersey,7055,East,FUR-TA-10003748,Furniture,Tables,Bevis 36 x 72 Conference Tables,174.286,2,0.3,-19.9184
242,CA-2016-157749,6/4/2016,6/9/2016,Second Class,KL-16645,Ken Lonsdale,Consumer,United States,Chicago,Illinois,60610,Central,FUR-TA-10002607,Furniture,Tables,KI Conference Tables,177.225,5,0.5,-120.513
4295,CA-2017-101581,10/22/2017,10/27/2017,Standard Class,DW-13195,David Wiener,Corporate,United States,Redmond,Oregon,97756,West,FUR-TA-10002607,Furniture,Tables,KI Conference Tables,177.225,5,0.5,-120.513
3236,CA-2016-140746,1/15/2016,1/15/2016,Same Day,RC-19825,Roy Collins,Consumer,United States,Fairfield,Connecticut,6824,East,FUR-TA-10002903,Furniture,Tables,"Bevis Round Bullnose 29"" High Table Top",181.797,1,0.3,-15.5826
7152,CA-2017-142909,12/22/2017,12/25/2017,Second Class,AG-10330,Alex Grayson,Consumer,United States,Mesa,Arizona,85204,West,FUR-TA-10003008,Furniture,Tables,"Lesro Round Back Collection Coffee Table, End Table",182.55,2,0.5,-135.087
7619,CA-2017-151225,10/27/2017,10/29/2017,First Class,JM-15655,Jim Mitchum,Corporate,United States,Los Angeles,California,90032,West,FUR-TA-10001539,Furniture,Tables,Chromcraft Rectangular Conference Tables,189.576,1,0.2,9.4788
495,US-2016-120929,3/18/2016,3/21/2016,Second Class,RO-19780,Rose O'Brian,Consumer,United States,Memphis,Tennessee,38109,South,FUR-TA-10001857,Furniture,Tables,Balt Solid Wood Rectangular Table,189.882,3,0.4,-94.941
8207,CA-2015-122266,4/26/2015,4/30/2015,Standard Class,SA-20830,Sue Ann Reed,Consumer,United States,Daytona Beach,Florida,32114,South,FUR-TA-10000577,Furniture,Tables,Bretford CR4500 Series Slim Rectangular Table,191.5155,1,0.45,-76.6062
6564,CA-2014-166086,5/7/2014,5/12/2014,Standard Class,CT-11995,Carol Triggs,Consumer,United States,Lawrence,Massachusetts,1841,East,FUR-TA-10003469,Furniture,Tables,Balt Split Level Computer Training Table,194.25,2,0.3,-38.85
5039,CA-2015-136469,7/11/2015,7/12/2015,First Class,TS-21370,Todd Sumrall,Corporate,United States,Wilmington,Delaware,19805,East,FUR-TA-10001520,Furniture,Tables,"Lesro Sheffield Collection Coffee Table, End Table, Center Table, Corner Table",199.836,4,0.3,-37.1124
5263,CA-2014-105165,9/7/2014,9/10/2014,First Class,SZ-20035,Sam Zeldin,Home Office,United States,Houston,Texas,77036,Central,FUR-TA-10004154,Furniture,Tables,"Riverside Furniture Oval Coffee Table, Oval End Table, End Table with Drawer",200.795,1,0.3,-22.948
1403,US-2016-161396,4/19/2016,4/25/2016,Standard Class,GM-14455,Gary Mitchum,Home Office,United States,Columbus,Ohio,43229,East,FUR-TA-10002622,Furniture,Tables,"Bush Andora Conference Table, Maple/Graphite Gray Finish",205.176,2,0.4,-58.1332
7960,CA-2017-131807,10/5/2017,10/10/2017,Standard Class,GG-14650,Greg Guthrie,Corporate,United States,Chico,California,95928,West,FUR-TA-10004086,Furniture,Tables,KI Adjustable-Height Table,206.352,3,0.2,5.1588
1751,CA-2015-139094,11/22/2015,11/27/2015,Standard Class,MO-17800,Meg O'Connel,Home Office,United States,San Antonio,Texas,78207,Central,FUR-TA-10004607,Furniture,Tables,Hon 2111 Invitation Series Straight Table,206.962,2,0.3,-32.5226
9403,CA-2016-105459,8/12/2016,8/17/2016,Second Class,NP-18700,Nora Preis,Consumer,United States,New York City,New York,10024,East,FUR-TA-10001095,Furniture,Tables,Chromcraft Round Conference Tables,209.148,2,0.4,-66.2302
2117,CA-2015-159786,10/12/2015,10/17/2015,Second Class,RK-19300,Ralph Kennedy,Consumer,United States,Rochester,New York,14609,East,FUR-TA-10001307,Furniture,Tables,"SAFCO PlanMaster Heigh-Adjustable Drafting Table Base, 43w x 30d x 30-37h, Black",209.67,1,0.4,-13.978
5235,CA-2017-131037,8/22/2017,8/23/2017,First Class,TM-21490,Tony Molinari,Consumer,United States,San Francisco,California,94110,West,FUR-TA-10001768,Furniture,Tables,Hon Racetrack Conference Tables,210.008,1,0.2,2.6251
523,CA-2017-145142,1/23/2017,1/25/2017,First Class,MC-17605,Matt Connell,Corporate,United States,Detroit,Michigan,48234,Central,FUR-TA-10001857,Furniture,Tables,Balt Solid Wood Rectangular Table,210.98,2,0,21.098
8930,US-2015-168704,4/13/2015,4/17/2015,Standard Class,FP-14320,Frank Preis,Consumer,United States,Huntsville,Texas,77340,Central,FUR-TA-10002530,Furniture,Tables,"Iceberg OfficeWorks 42"" Round Tables",211.372,2,0.3,-45.294
2813,CA-2015-135685,11/16/2015,11/18/2015,Second Class,MP-18175,Mike Pelletier,Home Office,United States,Milwaukee,Wisconsin,53209,Central,FUR-TA-10001520,Furniture,Tables,"Lesro Sheffield Collection Coffee Table, End Table, Center Table, Corner Table",214.11,3,0,36.3987
5095,US-2014-140452,12/6/2014,12/10/2014,Standard Class,BK-11260,Berenike Kampe,Consumer,United States,Chicago,Illinois,60610,Central,FUR-TA-10004086,Furniture,Tables,KI Adjustable-Height Table,214.95,5,0.5,-120.372
3429,US-2017-111024,7/3/2017,7/6/2017,Second Class,SZ-20035,Sam Zeldin,Home Office,United States,Lancaster,Ohio,43130,East,FUR-TA-10002041,Furniture,Tables,"Bevis Round Conference Table Top, X-Base",215.148,2,0.4,-103.9882
202,CA-2014-133690,8/3/2014,8/5/2014,First Class,BS-11755,Bruce Stewart,Consumer,United States,Denver,Colorado,80219,West,FUR-TA-10004289,Furniture,Tables,BoxOffice By Design Rectangular and Half-Moon Meeting Room Tables,218.75,2,0.5,-161.875
304,US-2017-152380,11/19/2017,11/23/2017,Standard Class,JH-15910,Jonathan Howell,Consumer,United States,Chicago,Illinois,60623,Central,FUR-TA-10002533,Furniture,Tables,BPI Conference Tables,219.075,3,0.5,-131.445
232,US-2017-100930,4/7/2017,4/12/2017,Standard Class,CS-12400,Christopher Schild,Home Office,United States,Tampa,Florida,33614,South,FUR-TA-10001705,Furniture,Tables,Bush Advantage Collection Round Conference Table,233.86,2,0.45,-102.048
7441,US-2017-163657,9/2/2017,9/6/2017,Standard Class,JL-15235,Janet Lee,Consumer,United States,Los Angeles,California,90049,West,FUR-TA-10004607,Furniture,Tables,Hon 2111 Invitation Series Straight Table,236.528,2,0.2,-2.9566
8157,CA-2016-131296,10/4/2016,10/9/2016,Standard Class,MS-17830,Melanie Seite,Consumer,United States,Baltimore,Maryland,21215,East,FUR-TA-10002622,Furniture,Tables,"Bush Andora Conference Table, Maple/Graphite Gray Finish",239.372,2,0.3,-23.9372
8446,CA-2017-125451,10/23/2017,10/24/2017,First Class,AH-10075,Adam Hart,Corporate,United States,Cranston,Rhode Island,2920,East,FUR-TA-10001039,Furniture,Tables,KI Adjustable-Height Table,240.744,4,0.3,-13.7568
7835,CA-2015-106257,4/13/2015,4/17/2015,Second Class,EB-14110,Eugene Barchas,Consumer,United States,Los Angeles,California,90045,West,FUR-TA-10002530,Furniture,Tables,"Iceberg OfficeWorks 42"" Round Tables",241.568,2,0.2,-15.098
4684,CA-2016-159912,8/29/2016,9/3/2016,Standard Class,GB-14530,George Bell,Corporate,United States,Philadelphia,Pennsylvania,19120,East,FUR-TA-10004152,Furniture,Tables,"Barricks 18"" x 48"" Non-Folding Utility Table with Bottom Storage Shelf",241.92,4,0.4,-56.448
1462,US-2016-128902,3/11/2016,3/15/2016,Standard Class,MB-18085,Mick Brown,Consumer,United States,Vineland,New Jersey,8360,East,FUR-TA-10001095,Furniture,Tables,Chromcraft Round Conference Tables,244.006,2,0.3,-31.3722
2975,CA-2015-137512,5/7/2015,5/12/2015,Standard Class,AG-10675,Anna Gayman,Consumer,United States,Allen,Texas,75002,Central,FUR-TA-10001095,Furniture,Tables,Chromcraft Round Conference Tables,244.006,2,0.3,-31.3722
3343,CA-2016-145982,8/27/2016,9/1/2016,Second Class,TB-21055,Ted Butterfield,Consumer,United States,Quincy,Massachusetts,2169,East,FUR-TA-10001307,Furniture,Tables,"SAFCO PlanMaster Heigh-Adjustable Drafting Table Base, 43w x 30d x 30-37h, Black",244.615,1,0.3,20.967
4479,CA-2017-130211,10/22/2017,10/22/2017,Same Day,BD-11620,Brian DeCherney,Consumer,United States,Lawton,Oklahoma,73505,Central,FUR-TA-10003748,Furniture,Tables,Bevis 36 x 72 Conference Tables,248.98,2,0,54.7756
3439,CA-2017-152583,10/30/2017,10/30/2017,Same Day,RA-19945,Ryan Akin,Consumer,United States,Dallas,Texas,75217,Central,FUR-TA-10002041,Furniture,Tables,"Bevis Round Conference Table Top, X-Base",251.006,2,0.3,-68.1302
4382,CA-2015-152891,10/25/2015,10/30/2015,Standard Class,TB-21625,Trudy Brown,Consumer,United States,San Francisco,California,94110,West,FUR-TA-10001857,Furniture,Tables,Balt Solid Wood Rectangular Table,253.176,3,0.2,-31.647
1949,CA-2017-157987,9/2/2017,9/6/2017,Standard Class,AC-10615,Ann Chong,Corporate,United States,New York City,New York,10009,East,FUR-TA-10001889,Furniture,Tables,Bush Advantage Collection Racetrack Conference Table,254.526,1,0.4,-93.3262
7132,CA-2017-141439,11/26/2017,12/1/2017,Standard Class,TT-21460,Tonja Turnell,Home Office,United States,Richmond,Indiana,47374,Central,FUR-TA-10001039,Furniture,Tables,KI Adjustable-Height Table,257.94,3,0,67.0644
1832,CA-2017-145884,10/21/2017,10/21/2017,Same Day,SL-20155,Sara Luxemburg,Home Office,United States,Muskogee,Oklahoma,74403,Central,FUR-TA-10002356,Furniture,Tables,Bevis Boat-Shaped Conference Table,262.11,1,0,62.9064
7909,CA-2016-149762,12/3/2016,12/7/2016,Standard Class,RD-19720,Roger Demir,Consumer,United States,Morgan Hill,California,95037,West,FUR-TA-10004147,Furniture,Tables,Hon 4060 Series Tables,268.704,3,0.2,6.7176
4722,CA-2014-106229,6/7/2014,6/11/2014,Second Class,NR-18550,Nick Radford,Consumer,United States,Aurora,Illinois,60505,Central,FUR-TA-10002041,Furniture,Tables,"Bevis Round Conference Table Top, X-Base",268.935,3,0.5,-209.7693
1873,CA-2014-116932,7/21/2014,7/25/2014,Standard Class,ME-18010,Michelle Ellison,Corporate,United States,San Francisco,California,94122,West,FUR-TA-10004175,Furniture,Tables,"Hon 30"" x 60"" Table with Locking Drawer",272.848,1,0.2,27.2848
2426,US-2017-147669,12/25/2017,12/30/2017,Standard Class,SV-20935,Susan Vittorini,Consumer,United States,Fairfield,Ohio,45014,East,FUR-TA-10002645,Furniture,Tables,Hon Rectangular Conference Tables,273.06,2,0.4,-104.673
9956,CA-2015-141593,12/14/2015,12/16/2015,Second Class,DB-12970,Darren Budd,Corporate,United States,Los Angeles,California,90045,West,FUR-TA-10002622,Furniture,Tables,"Bush Andora Conference Table, Maple/Graphite Gray Finish",273.568,2,0.2,10.2588
2985,US-2014-112872,12/6/2014,12/11/2014,Second Class,RC-19960,Ryan Crowe,Consumer,United States,Springfield,Oregon,97477,West,FUR-TA-10003238,Furniture,Tables,"Chromcraft Bull-Nose Wood 48"" x 96"" Rectangular Conference Tables",275.49,1,0.5,-170.8038
8180,CA-2015-112767,8/2/2015,8/6/2015,Standard Class,DK-12985,Darren Koutras,Consumer,United States,Springfield,Oregon,97477,West,FUR-TA-10003469,Furniture,Tables,Balt Split Level Computer Training Table,277.5,4,0.5,-188.7
9032,CA-2017-128041,9/1/2017,9/1/2017,Same Day,RW-19540,Rick Wilson,Corporate,United States,Seattle,Washington,98103,West,FUR-TA-10002607,Furniture,Tables,KI Conference Tables,283.56,4,0,45.3696
454,CA-2017-147277,10/20/2017,10/24/2017,Standard Class,EB-13705,Ed Braxton,Corporate,United States,Akron,Ohio,44312,East,FUR-TA-10001539,Furniture,Tables,Chromcraft Rectangular Conference Tables,284.364,2,0.4,-75.8304
3157,CA-2015-139584,8/24/2015,8/28/2015,Standard Class,EM-13810,Eleni McCrary,Corporate,United States,New York City,New York,10009,East,FUR-TA-10001539,Furniture,Tables,Chromcraft Rectangular Conference Tables,284.364,2,0.4,-75.8304
5823,CA-2017-117632,5/12/2017,5/18/2017,Standard Class,CS-12175,Charles Sheldon,Corporate,United States,San Francisco,California,94122,West,FUR-TA-10001520,Furniture,Tables,"Lesro Sheffield Collection Coffee Table, End Table, Center Table, Corner Table",285.48,5,0.2,-10.7055
8419,CA-2017-118199,5/9/2017,5/11/2017,First Class,LB-16795,Laurel Beltran,Home Office,United States,Seattle,Washington,98105,West,FUR-TA-10004154,Furniture,Tables,"Riverside Furniture Oval Coffee Table, Oval End Table, End Table with Drawer",286.85,1,0,63.107
7299,CA-2014-163468,11/18/2014,11/21/2014,First Class,JK-15730,Joe Kamberova,Consumer,United States,Des Plaines,Illinois,60016,Central,FUR-TA-10002533,Furniture,Tables,BPI Conference Tables,292.1,4,0.5,-175.26
9757,CA-2017-113705,3/27/2017,3/29/2017,Second Class,LC-16870,Lena Cacioppo,Consumer,United States,Richmond,Virginia,23223,South,FUR-TA-10002533,Furniture,Tables,BPI Conference Tables,292.1,2,0,58.42
7930,CA-2017-167549,7/25/2017,7/27/2017,First Class,EM-14200,Evan Minnotte,Home Office,United States,Dallas,Texas,75217,Central,FUR-TA-10004767,Furniture,Tables,Safco Drafting Table,298.116,6,0.3,-4.2588
2821,CA-2016-160500,5/5/2016,5/8/2016,First Class,DM-13015,Darrin Martin,Consumer,United States,Encinitas,California,92024,West,FUR-TA-10003748,Furniture,Tables,Bevis 36 x 72 Conference Tables,298.776,3,0.2,7.4694
1355,CA-2017-162978,5/4/2017,5/9/2017,Standard Class,LW-16990,Lindsay Williams,Corporate,United States,San Francisco,California,94109,West,FUR-TA-10003473,Furniture,Tables,Bretford Rectangular Conference Table Tops,300.904,1,0.2,11.2839
8696,CA-2017-127096,9/15/2017,9/17/2017,Second Class,CS-12400,Christopher Schild,Home Office,United States,San Francisco,California,94109,West,FUR-TA-10003473,Furniture,Tables,Bretford Rectangular Conference Table Tops,300.904,1,0.2,11.2839
2494,CA-2016-146206,9/10/2016,9/14/2016,Second Class,KT-16480,Kean Thornton,Consumer,United States,Houston,Texas,77095,Central,FUR-TA-10004086,Furniture,Tables,KI Adjustable-Height Table,300.93,5,0.3,-34.392
5860,CA-2015-108119,11/1/2015,11/8/2015,Standard Class,MS-17530,MaryBeth Skach,Consumer,United States,Conway,Arkansas,72032,South,FUR-TA-10002530,Furniture,Tables,"Iceberg OfficeWorks 42"" Round Tables",301.96,2,0,45.294
9625,CA-2017-137449,6/29/2017,6/30/2017,First Class,ME-17725,Max Engle,Consumer,United States,Dallas,Texas,75220,Central,FUR-TA-10002855,Furniture,Tables,Bevis Round Conference Table Top & Single Column Base,307.314,3,0.3,-39.5118
2092,CA-2017-166142,7/15/2017,7/19/2017,Standard Class,MM-17260,Magdelene Morse,Consumer,United States,Wilmington,Delaware,19805,East,FUR-TA-10004607,Furniture,Tables,Hon 2111 Invitation Series Straight Table,310.443,3,0.3,-48.7839
5924,CA-2016-130288,11/26/2016,11/30/2016,Second Class,DK-13225,Dean Katz,Corporate,United States,New York City,New York,10011,East,FUR-TA-10002958,Furniture,Tables,"Bevis Oval Conference Table, Walnut",313.176,2,0.4,-120.0508
7396,CA-2016-110975,12/25/2016,12/30/2016,Standard Class,DB-12970,Darren Budd,Corporate,United States,New York City,New York,10024,East,FUR-TA-10002958,Furniture,Tables,"Bevis Oval Conference Table, Walnut",313.176,2,0.4,-120.0508
9359,CA-2016-168046,1/25/2016,1/28/2016,Second Class,JD-15895,Jonathan Doherty,Corporate,United States,New York City,New York,10024,East,FUR-TA-10001095,Furniture,Tables,Chromcraft Round Conference Tables,313.722,3,0.4,-99.3453
6105,US-2017-132381,8/22/2017,8/24/2017,First Class,Dp-13240,Dean percer,Home Office,United States,Philadelphia,Pennsylvania,19143,East,FUR-TA-10002356,Furniture,Tables,Bevis Boat-Shaped Conference Table,314.532,2,0.4,-83.8752
5998,CA-2016-162187,12/11/2016,12/11/2016,Same Day,NS-18640,Noel Staavos,Corporate,United States,Columbus,Ohio,43229,East,FUR-TA-10003008,Furniture,Tables,"Lesro Round Back Collection Coffee Table, End Table",328.59,3,0.4,-147.8655
6537,CA-2014-169684,10/20/2014,10/23/2014,First Class,FH-14365,Fred Hopkins,Corporate,United States,Knoxville,Tennessee,37918,South,FUR-TA-10003008,Furniture,Tables,"Lesro Round Back Collection Coffee Table, End Table",328.59,3,0.4,-147.8655
2229,CA-2016-139157,10/1/2016,10/5/2016,Standard Class,GM-14680,Greg Matthias,Consumer,United States,New York City,New York,10024,East,FUR-TA-10003238,Furniture,Tables,"Chromcraft Bull-Nose Wood 48"" x 96"" Rectangular Conference Tables",330.588,1,0.4,-115.7058
9900,US-2014-117380,3/28/2014,4/3/2014,Standard Class,MP-18175,Mike Pelletier,Home Office,United States,Springfield,Ohio,45503,East,FUR-TA-10000198,Furniture,Tables,Chromcraft Bull-Nose Wood Oval Conference Tables & Bases,330.588,1,0.4,-143.2548
7202,CA-2016-104276,11/27/2016,12/3/2016,Standard Class,HF-14995,Herbert Flentye,Consumer,United States,Fort Lauderdale,Florida,33311,South,FUR-TA-10001039,Furniture,Tables,KI Adjustable-Height Table,331.023,7,0.45,-114.3534
3796,US-2014-117163,1/27/2014,2/2/2014,Standard Class,EJ-13720,Ed Jacobs,Consumer,United States,San Diego,California,92037,West,FUR-TA-10003469,Furniture,Tables,Balt Split Level Computer Training Table,333,3,0.2,-16.65
7880,CA-2016-155747,6/14/2016,6/21/2016,Standard Class,JS-15685,Jim Sink,Corporate,United States,Philadelphia,Pennsylvania,19140,East,FUR-TA-10003392,Furniture,Tables,Global Adaptabilities Conference Tables,337.176,2,0.4,-118.0116
1130,CA-2016-112102,4/12/2016,4/16/2016,Standard Class,BD-11605,Brian Dahlen,Consumer,United States,Springfield,Virginia,22153,South,FUR-TA-10004086,Furniture,Tables,KI Adjustable-Height Table,343.92,4,0,75.6624
3016,US-2015-138919,9/17/2015,9/21/2015,Standard Class,LS-16975,Lindsay Shagiari,Home Office,United States,New York City,New York,10035,East,FUR-TA-10004154,Furniture,Tables,"Riverside Furniture Oval Coffee Table, Oval End Table, End Table with Drawer",344.22,2,0.4,-103.266
4474,CA-2017-121300,9/29/2017,9/29/2017,Same Day,MG-17680,Maureen Gastineau,Home Office,United States,Mentor,Ohio,44060,East,FUR-TA-10004442,Furniture,Tables,Riverside Furniture Stanwyck Manor Table Series,344.22,2,0.4,-189.321
5374,CA-2015-118738,10/24/2015,10/30/2015,Standard Class,AG-10495,Andrew Gjertsen,Corporate,United States,Houston,Texas,77041,Central,FUR-TA-10002607,Furniture,Tables,KI Conference Tables,347.361,7,0.3,-69.4722
2727,CA-2017-149888,11/7/2017,11/13/2017,Standard Class,EP-13915,Emily Phan,Consumer,United States,Philadelphia,Pennsylvania,19120,East,FUR-TA-10000849,Furniture,Tables,Bevis Rectangular Conference Tables,350.352,4,0.4,-140.1408
4552,US-2014-165862,7/13/2014,7/17/2014,Standard Class,GK-14620,Grace Kelly,Corporate,United States,Los Angeles,California,90049,West,FUR-TA-10002855,Furniture,Tables,Bevis Round Conference Table Top & Single Column Base,351.216,3,0.2,4.3902
5751,CA-2014-145800,5/30/2014,6/5/2014,Standard Class,SS-20410,Shahid Shariari,Consumer,United States,Buffalo Grove,Illinois,60089,Central,FUR-TA-10001539,Furniture,Tables,Chromcraft Rectangular Conference Tables,355.455,3,0.5,-184.8366
6664,CA-2017-162173,10/26/2017,11/1/2017,Standard Class,OT-18730,Olvera Toch,Consumer,United States,Virginia Beach,Virginia,23464,South,FUR-TA-10001520,Furniture,Tables,"Lesro Sheffield Collection Coffee Table, End Table, Center Table, Corner Table",356.85,5,0,60.6645
6825,CA-2015-154291,7/25/2015,7/29/2015,Standard Class,YS-21880,Yana Sorensen,Corporate,United States,Montgomery,Alabama,36116,South,FUR-TA-10002041,Furniture,Tables,"Bevis Round Conference Table Top, X-Base",358.58,2,0,39.4438
9746,CA-2017-137505,11/24/2017,11/24/2017,Same Day,BP-11290,Beth Paige,Consumer,United States,Los Angeles,California,90008,West,FUR-TA-10000617,Furniture,Tables,"Hon Practical Foundations 30 x 60 Training Table, Light Gray/Charcoal",364.08,2,0.2,9.102
9059,CA-2015-149097,10/20/2015,10/24/2015,Standard Class,SV-20785,Stewart Visinsky,Consumer,United States,Los Angeles,California,90045,West,FUR-TA-10001086,Furniture,Tables,"SAFCO PlanMaster Boards, 60w x 37-1/2d, White Melamine",364.776,3,0.2,27.3582
4791,CA-2015-104346,12/11/2015,12/16/2015,Standard Class,IM-15070,Irene Maddox,Consumer,United States,Colorado Springs,Colorado,80906,West,FUR-TA-10000849,Furniture,Tables,Bevis Rectangular Conference Tables,364.95,5,0.5,-248.166
8396,CA-2016-142594,12/1/2016,12/6/2016,Second Class,EJ-14155,Eva Jacobs,Consumer,United States,Franklin,Massachusetts,2038,East,FUR-TA-10001095,Furniture,Tables,Chromcraft Round Conference Tables,366.009,3,0.3,-47.0583
704,CA-2015-142027,4/9/2015,4/14/2015,Standard Class,JK-15370,Jay Kimmel,Consumer,United States,Long Beach,California,90805,West,FUR-TA-10002774,Furniture,Tables,Laminate Occasional Tables,369.912,3,0.2,-13.8717
2665,CA-2016-164784,5/1/2016,5/4/2016,First Class,HF-14995,Herbert Flentye,Consumer,United States,Memphis,Tennessee,38109,South,FUR-TA-10004534,Furniture,Tables,Bevis 44 x 96 Conference Tables,370.62,3,0.4,-142.071
8354,CA-2017-132199,5/3/2017,5/8/2017,Standard Class,BO-11350,Bill Overfelt,Corporate,United States,Philadelphia,Pennsylvania,19134,East,FUR-TA-10003748,Furniture,Tables,Bevis 36 x 72 Conference Tables,373.47,5,0.4,-112.041
385,US-2015-168935,11/27/2015,12/2/2015,Standard Class,DO-13435,Denny Ordway,Consumer,United States,Pembroke Pines,Florida,33024,South,FUR-TA-10000617,Furniture,Tables,"Hon Practical Foundations 30 x 60 Training Table, Light Gray/Charcoal",375.4575,3,0.45,-157.0095
8311,CA-2014-168312,3/1/2014,3/7/2014,Standard Class,GW-14605,Giulietta Weimer,Consumer,United States,Houston,Texas,77036,Central,FUR-TA-10001866,Furniture,Tables,Bevis Round Conference Room Tables and Bases,376.509,3,0.3,-43.0296
9604,CA-2016-129861,6/17/2016,6/23/2016,Standard Class,DM-13345,Denise Monton,Corporate,United States,Rochester,New York,14609,East,FUR-TA-10003715,Furniture,Tables,Hon 2111 Invitation Series Corner Table,376.866,3,0.4,-213.5574
5659,CA-2016-145261,12/18/2016,12/21/2016,First Class,AH-10120,Adrian Hane,Home Office,United States,Salem,Oregon,97301,West,FUR-TA-10002530,Furniture,Tables,"Iceberg OfficeWorks 42"" Round Tables",377.45,5,0.5,-264.215
1581,CA-2015-131338,8/9/2015,8/12/2015,First Class,NP-18325,Naresj Patel,Consumer,United States,New York City,New York,10024,East,FUR-TA-10002607,Furniture,Tables,KI Conference Tables,382.806,9,0.4,-153.1224
756,CA-2016-140928,9/18/2016,9/22/2016,Standard Class,NB-18655,Nona Balk,Corporate,United States,Jacksonville,Florida,32216,South,FUR-TA-10001095,Furniture,Tables,Chromcraft Round Conference Tables,383.438,4,0.45,-167.3184
6484,CA-2017-113908,6/3/2017,6/9/2017,Standard Class,KN-16390,Katherine Nockton,Corporate,United States,New York City,New York,10011,East,FUR-TA-10001932,Furniture,Tables,"Chromcraft 48"" x 96"" Racetrack Double Pedestal Table",384.768,2,0.4,-115.4304
4210,CA-2014-145387,10/31/2014,11/2/2014,Second Class,AM-10705,Anne McFarland,Consumer,United States,Cranston,Rhode Island,2920,East,FUR-TA-10003238,Furniture,Tables,"Chromcraft Bull-Nose Wood 48"" x 96"" Rectangular Conference Tables",385.686,1,0.3,-60.6078
6660,CA-2017-135937,2/20/2017,2/27/2017,Standard Class,KM-16375,Katherine Murray,Home Office,United States,Gilbert,Arizona,85234,West,FUR-TA-10001039,Furniture,Tables,KI Adjustable-Height Table,386.91,9,0.5,-185.7168
947,US-2015-140200,7/26/2015,7/28/2015,First Class,CA-12775,Cynthia Arntzen,Consumer,United States,Mesa,Arizona,85204,West,FUR-TA-10002356,Furniture,Tables,Bevis Boat-Shaped Conference Table,393.165,3,0.5,-204.4458
1410,US-2016-122245,9/25/2016,9/30/2016,Standard Class,AB-10105,Adrian Barton,Consumer,United States,Phoenix,Arizona,85023,West,FUR-TA-10002356,Furniture,Tables,Bevis Boat-Shaped Conference Table,393.165,3,0.5,-204.4458
5273,CA-2017-125913,1/16/2017,1/16/2017,Same Day,JO-15145,Jack O'Briant,Corporate,United States,Los Angeles,California,90008,West,FUR-TA-10001520,Furniture,Tables,"Lesro Sheffield Collection Coffee Table, End Table, Center Table, Corner Table",399.672,7,0.2,-14.9877
8619,CA-2017-117513,3/3/2017,3/8/2017,Standard Class,BT-11395,Bill Tyler,Corporate,United States,Los Angeles,California,90004,West,FUR-TA-10001520,Furniture,Tables,"Lesro Sheffield Collection Coffee Table, End Table, Center Table, Corner Table",399.672,7,0.2,-14.9877
729,US-2016-150861,12/3/2016,12/6/2016,First Class,EG-13900,Emily Grady,Consumer,United States,Oceanside,New York,11572,East,FUR-TA-10002228,Furniture,Tables,"Bevis Traditional Conference Table Top, Plinth Base",400.032,2,0.4,-153.3456
5078,CA-2014-134572,4/20/2014,4/22/2014,Second Class,SV-20365,Seth Vernon,Consumer,United States,Houston,Texas,77070,Central,FUR-TA-10004442,Furniture,Tables,Riverside Furniture Stanwyck Manor Table Series,401.59,2,0.3,-131.951
4053,CA-2014-122931,9/29/2014,10/3/2014,Standard Class,SM-20950,Suzanne McNair,Corporate,United States,Philadelphia,Pennsylvania,19134,East,FUR-TA-10004175,Furniture,Tables,"Hon 30"" x 60"" Table with Locking Drawer",409.272,2,0.4,-81.8544
1890,CA-2014-142587,10/21/2014,10/22/2014,First Class,TB-21520,Tracy Blumstein,Consumer,United States,Fairfield,Ohio,45014,East,FUR-TA-10000617,Furniture,Tables,"Hon Practical Foundations 30 x 60 Training Table, Light Gray/Charcoal",409.59,3,0.4,-122.877
2059,CA-2017-120376,12/22/2017,12/25/2017,First Class,TP-21130,Theone Pippenger,Consumer,United States,Detroit,Michigan,48227,Central,FUR-TA-10004534,Furniture,Tables,Bevis 44 x 96 Conference Tables,411.8,2,0,70.006
3049,CA-2017-121419,4/2/2017,4/4/2017,First Class,TC-21475,Tony Chapman,Home Office,United States,Columbus,Georgia,31907,South,FUR-TA-10004534,Furniture,Tables,Bevis 44 x 96 Conference Tables,411.8,2,0,70.006
4491,CA-2017-105921,8/14/2017,8/21/2017,Standard Class,JM-15250,Janet Martin,Consumer,United States,Los Angeles,California,90032,West,FUR-TA-10001095,Furniture,Tables,Chromcraft Round Conference Tables,418.296,3,0.2,5.2287
5979,CA-2014-117765,9/7/2014,9/13/2014,Standard Class,RB-19465,Rick Bensley,Home Office,United States,Tulsa,Oklahoma,74133,Central,FUR-TA-10001039,Furniture,Tables,KI Adjustable-Height Table,429.9,5,0,111.774
7675,CA-2015-130974,11/27/2015,11/29/2015,Second Class,MA-17560,Matt Abelman,Home Office,United States,Everett,Massachusetts,2149,East,FUR-TA-10004619,Furniture,Tables,Hon Non-Folding Utility Tables,446.068,4,0.3,0
1098,CA-2014-159338,6/25/2014,6/28/2014,First Class,NS-18640,Noel Staavos,Corporate,United States,Los Angeles,California,90049,West,FUR-TA-10004147,Furniture,Tables,Hon 4060 Series Tables,447.84,5,0.2,11.196
7705,CA-2016-114601,8/26/2016,9/2/2016,Standard Class,AA-10480,Andrew Allen,Consumer,United States,Detroit,Michigan,48234,Central,FUR-TA-10004147,Furniture,Tables,Hon 4060 Series Tables,447.84,4,0,98.5248
1457,CA-2017-148474,6/12/2017,6/19/2017,Standard Class,ME-17320,Maria Etezadi,Home Office,United States,Columbus,Georgia,31907,South,FUR-TA-10002530,Furniture,Tables,"Iceberg OfficeWorks 42"" Round Tables",452.94,3,0,67.941
1158,CA-2014-136567,12/20/2014,12/21/2014,First Class,PS-19045,Penelope Sewall,Home Office,United States,Harrisonburg,Virginia,22801,South,FUR-TA-10000617,Furniture,Tables,"Hon Practical Foundations 30 x 60 Training Table, Light Gray/Charcoal",455.1,2,0,100.122
5543,CA-2016-134936,12/19/2016,12/25/2016,Standard Class,ES-14080,Erin Smith,Corporate,United States,Tucson,Arizona,85705,West,FUR-TA-10001086,Furniture,Tables,"SAFCO PlanMaster Boards, 60w x 37-1/2d, White Melamine",455.97,6,0.5,-218.8656
9344,CA-2017-109085,2/17/2017,2/20/2017,First Class,CK-12325,Christine Kargatis,Home Office,United States,Troy,Ohio,45373,East,FUR-TA-10001086,Furniture,Tables,"SAFCO PlanMaster Boards, 60w x 37-1/2d, White Melamine",455.97,5,0.4,-106.393
9288,CA-2017-154011,6/19/2017,6/26/2017,Standard Class,DB-13270,Deborah Brumfield,Home Office,United States,Dallas,Texas,75081,Central,FUR-TA-10000688,Furniture,Tables,"Chromcraft Bull-Nose Wood Round Conference Table Top, Wood Base",457.485,3,0.3,-84.9615
5125,CA-2014-160766,9/14/2014,9/14/2014,Same Day,DM-13015,Darrin Martin,Consumer,United States,New York City,New York,10009,East,FUR-TA-10001039,Furniture,Tables,KI Adjustable-Height Table,464.292,9,0.4,-108.3348
7081,CA-2016-106950,9/2/2016,9/6/2016,Standard Class,JE-15715,Joe Elijah,Consumer,United States,Charlotte,North Carolina,28205,South,FUR-TA-10001768,Furniture,Tables,Hon Racetrack Conference Tables,472.518,3,0.4,-149.6307
3860,CA-2017-154039,2/17/2017,2/22/2017,Standard Class,JK-16120,Julie Kriz,Home Office,United States,Chicago,Illinois,60653,Central,FUR-TA-10001932,Furniture,Tables,"Chromcraft 48"" x 96"" Racetrack Double Pedestal Table",480.96,3,0.5,-269.3376
8630,CA-2015-164084,9/7/2015,9/12/2015,Standard Class,AG-10525,Andy Gerbode,Corporate,United States,New York City,New York,10011,East,FUR-TA-10003569,Furniture,Tables,Bretford CR8500 Series Meeting Room Furniture,481.176,2,0.4,-120.294
8305,CA-2017-135419,11/3/2017,11/9/2017,Standard Class,BG-11740,Bruce Geld,Consumer,United States,Bakersfield,California,93309,West,FUR-TA-10001086,Furniture,Tables,"SAFCO PlanMaster Boards, 60w x 37-1/2d, White Melamine",486.368,4,0.2,36.4776
8894,CA-2014-124723,8/5/2014,8/12/2014,Standard Class,GZ-14470,Gary Zandusky,Consumer,United States,Texas City,Texas,77590,Central,FUR-TA-10001307,Furniture,Tables,"SAFCO PlanMaster Heigh-Adjustable Drafting Table Base, 43w x 30d x 30-37h, Black",489.23,2,0.3,41.934
4541,CA-2015-104129,2/27/2015,3/2/2015,Standard Class,ES-14080,Erin Smith,Corporate,United States,Providence,Rhode Island,2908,East,FUR-TA-10004152,Furniture,Tables,"Barricks 18"" x 48"" Non-Folding Utility Table with Bottom Storage Shelf",493.92,7,0.3,-28.224
6288,CA-2014-100090,7/8/2014,7/12/2014,Standard Class,EB-13705,Ed Braxton,Corporate,United States,San Francisco,California,94122,West,FUR-TA-10003715,Furniture,Tables,Hon 2111 Invitation Series Corner Table,502.488,3,0.2,-87.9354
3711,CA-2017-113670,10/15/2017,10/17/2017,First Class,RS-19765,Roland Schwarz,Corporate,United States,Los Angeles,California,90045,West,FUR-TA-10001705,Furniture,Tables,Bush Advantage Collection Round Conference Table,510.24,3,0.2,6.378
7494,US-2017-160836,9/11/2017,9/16/2017,Standard Class,CC-12475,Cindy Chapman,Consumer,United States,Houston,Texas,77070,Central,FUR-TA-10002855,Furniture,Tables,Bevis Round Conference Table Top & Single Column Base,512.19,5,0.3,-65.853
3497,CA-2016-107328,8/8/2016,8/15/2016,Standard Class,CA-12055,Cathy Armstrong,Home Office,United States,Los Angeles,California,90036,West,FUR-TA-10001932,Furniture,Tables,"Chromcraft 48"" x 96"" Racetrack Double Pedestal Table",513.024,2,0.2,12.8256
1700,CA-2014-135657,6/3/2014,6/7/2014,Second Class,SC-20725,Steven Cartwright,Consumer,United States,Seattle,Washington,98115,West,FUR-TA-10004086,Furniture,Tables,KI Adjustable-Height Table,515.88,6,0,113.4936
8678,CA-2017-141705,10/24/2017,10/26/2017,First Class,PO-18850,Patrick O'Brill,Consumer,United States,Mansfield,Texas,76063,Central,FUR-TA-10004607,Furniture,Tables,Hon 2111 Invitation Series Straight Table,517.405,5,0.3,-81.3065
4717,CA-2017-143126,12/3/2017,12/7/2017,Second Class,CM-12655,Corinna Mitchell,Home Office,United States,Seattle,Washington,98115,West,FUR-TA-10002958,Furniture,Tables,"Bevis Oval Conference Table, Walnut",521.96,2,0,88.7332
3799,CA-2017-147760,11/4/2017,11/5/2017,First Class,KL-16555,Kelly Lampkin,Corporate,United States,Greensboro,North Carolina,27405,South,FUR-TA-10004575,Furniture,Tables,Hon 5100 Series Wood Tables,523.764,3,0.4,-192.0468
7360,US-2014-115189,12/30/2014,1/3/2015,Second Class,AR-10345,Alex Russell,Corporate,United States,Philadelphia,Pennsylvania,19143,East,FUR-TA-10004575,Furniture,Tables,Hon 5100 Series Wood Tables,523.764,3,0.4,-192.0468
7702,CA-2017-151799,12/14/2017,12/18/2017,Standard Class,BF-11170,Ben Ferrer,Home Office,United States,Lawrence,Massachusetts,1841,East,FUR-TA-10003473,Furniture,Tables,Bretford Rectangular Conference Table Tops,526.582,2,0.3,-52.6582
7813,CA-2016-134334,2/14/2016,2/15/2016,First Class,DK-13090,Dave Kipp,Consumer,United States,Clinton,Maryland,20735,East,FUR-TA-10002356,Furniture,Tables,Bevis Boat-Shaped Conference Table,550.431,3,0.3,-47.1798
2348,CA-2016-159373,3/13/2016,3/18/2016,Standard Class,LT-17110,Liz Thompson,Consumer,United States,San Antonio,Texas,78207,Central,FUR-TA-10004619,Furniture,Tables,Hon Non-Folding Utility Tables,557.585,5,0.3,0
8144,CA-2016-100993,2/5/2016,2/10/2016,Standard Class,AZ-10750,Annie Zypern,Consumer,United States,San Diego,California,92037,West,FUR-TA-10001095,Furniture,Tables,Chromcraft Round Conference Tables,557.728,4,0.2,6.9716
8137,CA-2016-118073,8/12/2016,8/16/2016,Standard Class,CS-12490,Cindy Schnelling,Corporate,United States,Lakeland,Florida,33801,South,FUR-TA-10002533,Furniture,Tables,BPI Conference Tables,562.2925,7,0.45,-255.5875
6647,US-2016-127334,12/15/2016,12/21/2016,Standard Class,MP-18175,Mike Pelletier,Home Office,United States,Springfield,Oregon,97477,West,FUR-TA-10003473,Furniture,Tables,Bretford Rectangular Conference Table Tops,564.195,3,0.5,-304.6653
747,CA-2014-124429,5/27/2014,5/27/2014,Same Day,MH-17785,Maya Herman,Corporate,United States,San Diego,California,92105,West,FUR-TA-10002607,Furniture,Tables,KI Conference Tables,567.12,10,0.2,-28.356
3338,US-2017-109253,8/21/2017,8/22/2017,First Class,PR-18880,Patrick Ryan,Consumer,United States,Oakland,California,94601,West,FUR-TA-10001539,Furniture,Tables,Chromcraft Rectangular Conference Tables,568.728,3,0.2,28.4364
9237,CA-2016-126732,9/2/2016,9/6/2016,Standard Class,LR-16915,Lena Radford,Consumer,United States,Los Angeles,California,90036,West,FUR-TA-10001539,Furniture,Tables,Chromcraft Rectangular Conference Tables,568.728,3,0.2,28.4364
4310,CA-2014-125829,11/4/2014,11/11/2014,Standard Class,WB-21850,William Brown,Consumer,United States,Los Angeles,California,90045,West,FUR-TA-10002041,Furniture,Tables,"Bevis Round Conference Table Top, X-Base",573.728,4,0.2,-64.5444
5830,CA-2016-122063,12/3/2016,12/7/2016,Standard Class,MM-17920,Michael Moore,Consumer,United States,Richmond,Indiana,47374,Central,FUR-TA-10004575,Furniture,Tables,Hon 5100 Series Wood Tables,581.96,2,0,104.7528
7573,CA-2014-100916,10/21/2014,10/26/2014,Standard Class,FH-14275,Frank Hawley,Corporate,United States,Newport News,Virginia,23602,South,FUR-TA-10004607,Furniture,Tables,Hon 2111 Invitation Series Straight Table,591.32,4,0,112.3508
2592,US-2016-115455,9/8/2016,9/14/2016,Standard Class,SE-20110,Sanjit Engle,Consumer,United States,Wheeling,Illinois,60090,Central,FUR-TA-10003569,Furniture,Tables,Bretford CR8500 Series Meeting Room Furniture,601.47,3,0.5,-300.735
8578,CA-2017-146164,12/22/2017,12/26/2017,Standard Class,CM-12190,Charlotte Melton,Consumer,United States,Rochester,Minnesota,55901,Central,FUR-TA-10004915,Furniture,Tables,"Office Impressions End Table, 20-1/2""H x 24""W x 20""D",607.52,2,0,97.2032
8929,US-2015-168704,4/13/2015,4/17/2015,Standard Class,FP-14320,Frank Preis,Consumer,United States,Huntsville,Texas,77340,Central,FUR-TA-10000688,Furniture,Tables,"Chromcraft Bull-Nose Wood Round Conference Table Top, Wood Base",609.98,4,0.3,-113.282
2360,US-2014-148838,3/17/2014,3/21/2014,Standard Class,CP-12340,Christine Phan,Corporate,United States,New York City,New York,10024,East,FUR-TA-10004175,Furniture,Tables,"Hon 30"" x 60"" Table with Locking Drawer",613.908,3,0.4,-122.7816
126,US-2014-134614,9/20/2014,9/25/2014,Standard Class,PF-19165,Philip Fox,Consumer,United States,Bloomington,Illinois,61701,Central,FUR-TA-10004534,Furniture,Tables,Bevis 44 x 96 Conference Tables,617.7,6,0.5,-407.682
233,US-2017-100930,4/7/2017,4/12/2017,Standard Class,CS-12400,Christopher Schild,Home Office,United States,Tampa,Florida,33614,South,FUR-TA-10003473,Furniture,Tables,Bretford Rectangular Conference Table Tops,620.6145,3,0.45,-248.2458
227,CA-2015-163055,8/9/2015,8/16/2015,Standard Class,DS-13180,David Smith,Corporate,United States,Detroit,Michigan,48227,Central,FUR-TA-10003748,Furniture,Tables,Bevis 36 x 72 Conference Tables,622.45,5,0,136.939
8927,CA-2016-168032,1/30/2016,2/3/2016,Standard Class,DF-13135,David Flashing,Consumer,United States,Rockford,Illinois,61107,Central,FUR-TA-10004256,Furniture,Tables,Bretford ÒJust In TimeÓ Height-Adjustable Multi-Task Work Tables,626.1,3,0.5,-538.446
8712,CA-2014-105648,3/3/2014,3/7/2014,Standard Class,EJ-14155,Eva Jacobs,Consumer,United States,San Diego,California,92037,West,FUR-TA-10002958,Furniture,Tables,"Bevis Oval Conference Table, Walnut",626.352,3,0.2,-23.4882
2414,CA-2014-151295,11/12/2014,11/16/2014,Standard Class,JA-15970,Joseph Airdo,Consumer,United States,Los Angeles,California,90045,West,FUR-TA-10002356,Furniture,Tables,Bevis Boat-Shaped Conference Table,629.064,3,0.2,31.4532
8411,CA-2016-130820,11/15/2016,11/15/2016,Same Day,ON-18715,Odella Nelson,Corporate,United States,Burlington,North Carolina,27217,South,FUR-TA-10001768,Furniture,Tables,Hon Racetrack Conference Tables,630.024,4,0.4,-199.5076
4003,CA-2016-145730,3/3/2016,3/8/2016,Standard Class,CC-12220,Chris Cortes,Consumer,United States,San Antonio,Texas,78207,Central,FUR-TA-10004915,Furniture,Tables,"Office Impressions End Table, 20-1/2""H x 24""W x 20""D",637.896,3,0.3,-127.5792
8449,CA-2017-125451,10/23/2017,10/24/2017,First Class,AH-10075,Adam Hart,Corporate,United States,Cranston,Rhode Island,2920,East,FUR-TA-10004915,Furniture,Tables,"Office Impressions End Table, 20-1/2""H x 24""W x 20""D",637.896,3,0.3,-127.5792
1395,US-2017-117247,10/9/2017,10/14/2017,Standard Class,CK-12760,Cyma Kinney,Corporate,United States,Aurora,Illinois,60505,Central,FUR-TA-10002958,Furniture,Tables,"Bevis Oval Conference Table, Walnut",652.45,5,0.5,-430.617
2815,CA-2015-135685,11/16/2015,11/18/2015,Second Class,MP-18175,Mike Pelletier,Home Office,United States,Milwaukee,Wisconsin,53209,Central,FUR-TA-10000688,Furniture,Tables,"Chromcraft Bull-Nose Wood Round Conference Table Top, Wood Base",653.55,3,0,111.1035
5036,CA-2014-169803,4/6/2014,4/12/2014,Standard Class,SC-20260,Scott Cohen,Corporate,United States,Seattle,Washington,98115,West,FUR-TA-10000688,Furniture,Tables,"Chromcraft Bull-Nose Wood Round Conference Table Top, Wood Base",653.55,3,0,111.1035
6286,CA-2016-125080,10/21/2016,10/26/2016,Standard Class,VW-21775,Victoria Wilson,Corporate,United States,Lakewood,Ohio,44107,East,FUR-TA-10003238,Furniture,Tables,"Chromcraft Bull-Nose Wood 48"" x 96"" Rectangular Conference Tables",661.176,2,0.4,-231.4116
9487,CA-2017-130505,10/12/2017,10/12/2017,Same Day,NF-18385,Natalie Fritzler,Consumer,United States,Wheeling,West Virginia,26003,East,FUR-TA-10001932,Furniture,Tables,"Chromcraft 48"" x 96"" Racetrack Double Pedestal Table",673.344,3,0.3,-76.9536
7191,CA-2016-164399,11/12/2016,11/15/2016,First Class,DW-13480,Dianna Wilson,Home Office,United States,San Diego,California,92024,West,FUR-TA-10003392,Furniture,Tables,Global Adaptabilities Conference Tables,674.352,3,0.2,-8.4294
6047,CA-2016-154662,6/9/2016,6/16/2016,Standard Class,BF-11215,Benjamin Farhat,Home Office,United States,Minneapolis,Minnesota,55407,Central,FUR-TA-10001771,Furniture,Tables,"Bush Cubix Conference Tables, Fully Assembled",692.94,3,0,173.235
4193,CA-2015-150875,11/16/2015,11/20/2015,Standard Class,HK-14890,Heather Kirkland,Corporate,United States,Boise,Idaho,83704,West,FUR-TA-10000577,Furniture,Tables,Bretford CR4500 Series Slim Rectangular Table,696.42,2,0,160.1766
1041,CA-2016-127670,3/20/2016,3/24/2016,Standard Class,RD-19660,Robert Dilbeck,Home Office,United States,Saint Peters,Missouri,63376,Central,FUR-TA-10001095,Furniture,Tables,Chromcraft Round Conference Tables,697.16,4,0,146.4036
5231,CA-2017-124436,3/19/2017,3/22/2017,Second Class,SA-20830,Sue Ann Reed,Consumer,United States,Fresno,California,93727,West,FUR-TA-10001095,Furniture,Tables,Chromcraft Round Conference Tables,697.16,5,0.2,8.7145
339,CA-2014-129924,7/12/2014,7/17/2014,Standard Class,AC-10420,Alyssa Crouse,Corporate,United States,San Francisco,California,94122,West,FUR-TA-10004575,Furniture,Tables,Hon 5100 Series Wood Tables,698.352,3,0.2,-17.4588
2747,CA-2014-155887,5/12/2014,5/17/2014,Standard Class,KT-16480,Kean Thornton,Consumer,United States,Franklin,Massachusetts,2038,East,FUR-TA-10002228,Furniture,Tables,"Bevis Traditional Conference Table Top, Plinth Base",700.056,3,0.3,-130.0104
2070,CA-2015-133452,4/13/2015,4/19/2015,Standard Class,ZC-21910,Zuschuss Carroll,Consumer,United States,Pomona,California,91767,West,FUR-TA-10003954,Furniture,Tables,Hon 94000 Series Round Tables,710.832,3,0.2,-97.7394
3615,CA-2017-112529,11/19/2017,11/21/2017,First Class,SC-20770,Stewart Carmichael,Corporate,United States,San Antonio,Texas,78207,Central,FUR-TA-10002622,Furniture,Tables,"Bush Andora Conference Table, Maple/Graphite Gray Finish",718.116,6,0.3,-71.8116
7345,CA-2017-168389,12/11/2017,12/17/2017,Standard Class,DV-13045,Darrin Van Huff,Corporate,United States,Jacksonville,Florida,32216,South,FUR-TA-10004289,Furniture,Tables,BoxOffice By Design Rectangular and Half-Moon Meeting Room Tables,721.875,6,0.45,-420
1864,US-2016-100839,10/13/2016,10/17/2016,Standard Class,NC-18625,Noah Childs,Corporate,United States,Aurora,Colorado,80013,West,FUR-TA-10004575,Furniture,Tables,Hon 5100 Series Wood Tables,727.45,5,0.5,-465.568
9638,CA-2014-124702,11/18/2014,11/25/2014,Standard Class,MH-17785,Maya Herman,Corporate,United States,Seattle,Washington,98105,West,FUR-TA-10003008,Furniture,Tables,"Lesro Round Back Collection Coffee Table, End Table",730.2,4,0,94.926
5076,CA-2014-134572,4/20/2014,4/22/2014,Second Class,SV-20365,Seth Vernon,Consumer,United States,Houston,Texas,77070,Central,FUR-TA-10001705,Furniture,Tables,Bush Advantage Collection Round Conference Table,744.1,5,0.3,-95.67
1246,CA-2014-168494,12/12/2014,12/14/2014,Second Class,NP-18700,Nora Preis,Consumer,United States,Fresno,California,93727,West,FUR-TA-10004619,Furniture,Tables,Hon Non-Folding Utility Tables,764.688,6,0.2,95.586
1714,US-2017-124968,9/8/2017,9/13/2017,Second Class,MM-18055,Michelle Moray,Consumer,United States,Chicago,Illinois,60610,Central,FUR-TA-10004289,Furniture,Tables,BoxOffice By Design Rectangular and Half-Moon Meeting Room Tables,765.625,7,0.5,-566.5625
118,CA-2015-110457,3/2/2015,3/6/2015,Standard Class,DK-13090,Dave Kipp,Consumer,United States,Seattle,Washington,98103,West,FUR-TA-10001768,Furniture,Tables,Hon Racetrack Conference Tables,787.53,3,0,165.3813
3520,CA-2015-124975,6/22/2015,6/25/2015,First Class,MG-17875,Michael Grace,Home Office,United States,Aurora,Illinois,60505,Central,FUR-TA-10002645,Furniture,Tables,Hon Rectangular Conference Tables,796.425,7,0.5,-525.6405
3915,US-2017-142573,7/18/2017,7/23/2017,Standard Class,ML-17410,Maris LaWare,Consumer,United States,Phoenix,Arizona,85023,West,FUR-TA-10001932,Furniture,Tables,"Chromcraft 48"" x 96"" Racetrack Double Pedestal Table",801.6,5,0.5,-448.896
3584,CA-2015-121650,12/10/2015,12/16/2015,Standard Class,KD-16495,Keith Dawkins,Corporate,United States,Jackson,Michigan,49201,Central,FUR-TA-10003569,Furniture,Tables,Bretford CR8500 Series Meeting Room Furniture,801.96,2,0,200.49
3817,CA-2015-102582,9/15/2015,9/19/2015,Standard Class,NW-18400,Natalie Webber,Consumer,United States,Mobile,Alabama,36608,South,FUR-TA-10003569,Furniture,Tables,Bretford CR8500 Series Meeting Room Furniture,801.96,2,0,200.49
5630,US-2016-146066,8/21/2016,8/23/2016,Second Class,RB-19465,Rick Bensley,Home Office,United States,Philadelphia,Pennsylvania,19143,East,FUR-TA-10002530,Furniture,Tables,"Iceberg OfficeWorks 42"" Round Tables",815.292,9,0.4,-339.705
1083,US-2016-143819,3/1/2016,3/5/2016,Standard Class,KD-16270,Karen Daniels,Consumer,United States,Yonkers,New York,10701,East,FUR-TA-10001095,Furniture,Tables,Chromcraft Round Conference Tables,836.592,8,0.4,-264.9208
4435,CA-2016-168893,11/3/2016,11/8/2016,Second Class,AP-10915,Arthur Prichep,Consumer,United States,Henderson,Kentucky,42420,South,FUR-TA-10003392,Furniture,Tables,Global Adaptabilities Conference Tables,842.94,3,0,160.1586
1690,CA-2014-142839,8/16/2014,8/20/2014,Standard Class,TS-21610,Troy Staebel,Consumer,United States,Philadelphia,Pennsylvania,19143,East,FUR-TA-10001539,Furniture,Tables,Chromcraft Rectangular Conference Tables,853.092,6,0.4,-227.4912
4265,US-2016-131611,11/5/2016,11/9/2016,Standard Class,EP-13915,Emily Phan,Consumer,United States,Houston,Texas,77036,Central,FUR-TA-10002774,Furniture,Tables,Laminate Occasional Tables,863.128,8,0.3,-160.2952
8168,CA-2016-144148,7/31/2016,8/5/2016,Standard Class,AH-10690,Anna HŠberlin,Corporate,United States,San Francisco,California,94122,West,FUR-TA-10002774,Furniture,Tables,Laminate Occasional Tables,863.128,7,0.2,-32.3673
4270,US-2017-124821,6/25/2017,6/29/2017,Second Class,AM-10705,Anne McFarland,Consumer,United States,Seattle,Washington,98115,West,FUR-TA-10000688,Furniture,Tables,"Chromcraft Bull-Nose Wood Round Conference Table Top, Wood Base",871.4,4,0,148.138
7691,US-2017-128951,7/15/2017,7/17/2017,First Class,RS-19420,Ricardo Sperren,Corporate,United States,Suffolk,Virginia,23434,South,FUR-TA-10004575,Furniture,Tables,Hon 5100 Series Wood Tables,872.94,3,0,157.1292
7784,CA-2016-162236,11/4/2016,11/6/2016,Second Class,ER-13855,Elpida Rittenbach,Corporate,United States,Charlotte,North Carolina,28205,South,FUR-TA-10002533,Furniture,Tables,BPI Conference Tables,876.3,10,0.4,-292.1
7306,CA-2014-137274,3/29/2014,4/2/2014,Standard Class,MG-18145,Mike Gockenbach,Consumer,United States,Plano,Texas,75023,Central,FUR-TA-10001889,Furniture,Tables,Bush Advantage Collection Racetrack Conference Table,890.841,3,0.3,-152.7156
7058,CA-2016-165330,12/11/2016,12/11/2016,Same Day,WB-21850,William Brown,Consumer,United States,Anaheim,California,92804,West,FUR-TA-10004619,Furniture,Tables,Hon Non-Folding Utility Tables,892.136,7,0.2,111.517
2290,CA-2017-115154,1/8/2017,1/11/2017,First Class,RS-19420,Ricardo Sperren,Corporate,United States,Seattle,Washington,98115,West,FUR-TA-10001950,Furniture,Tables,Balt Solid Wood Round Tables,892.98,2,0,80.3682
4292,CA-2017-102407,12/9/2017,12/13/2017,Second Class,AT-10435,Alyssa Tate,Home Office,United States,Los Angeles,California,90004,West,FUR-TA-10003748,Furniture,Tables,Bevis 36 x 72 Conference Tables,896.328,9,0.2,22.4082
4595,CA-2016-129868,12/26/2016,12/31/2016,Standard Class,MC-18130,Mike Caudle,Corporate,United States,Los Angeles,California,90004,West,FUR-TA-10003473,Furniture,Tables,Bretford Rectangular Conference Table Tops,902.712,3,0.2,33.8517
8370,CA-2016-118745,6/11/2016,6/16/2016,Standard Class,SV-20365,Seth Vernon,Consumer,United States,Los Angeles,California,90049,West,FUR-TA-10003473,Furniture,Tables,Bretford Rectangular Conference Table Tops,902.712,3,0.2,33.8517
1375,CA-2015-120362,9/14/2015,9/19/2015,Standard Class,CA-12265,Christina Anderson,Consumer,United States,Provo,Utah,84604,West,FUR-TA-10003008,Furniture,Tables,"Lesro Round Back Collection Coffee Table, End Table",912.75,5,0,118.6575
8363,CA-2017-147207,1/2/2017,1/4/2017,Second Class,TS-21655,Trudy Schmidt,Consumer,United States,El Paso,Texas,79907,Central,FUR-TA-10002958,Furniture,Tables,"Bevis Oval Conference Table, Walnut",913.43,5,0.3,-169.637
662,CA-2015-146563,8/24/2015,8/28/2015,Standard Class,CB-12025,Cassandra Brandow,Consumer,United States,Arlington,Texas,76017,Central,FUR-TA-10001768,Furniture,Tables,Hon Racetrack Conference Tables,918.785,5,0.3,-118.1295
8236,CA-2017-102204,5/1/2017,5/6/2017,Standard Class,CJ-12010,Caroline Jumper,Consumer,United States,Jacksonville,Florida,32216,South,FUR-TA-10001889,Furniture,Tables,Bush Advantage Collection Racetrack Conference Table,933.262,4,0.45,-458.1468
8413,CA-2017-132290,3/10/2017,3/14/2017,Standard Class,MD-17350,Maribeth Dona,Consumer,United States,Dallas,Texas,75217,Central,FUR-TA-10002228,Furniture,Tables,"Bevis Traditional Conference Table Top, Plinth Base",933.408,4,0.3,-173.3472
8950,CA-2017-150910,12/22/2017,12/28/2017,Standard Class,JL-15130,Jack Lebron,Consumer,United States,Jackson,Tennessee,38301,South,FUR-TA-10002903,Furniture,Tables,"Bevis Round Bullnose 29"" High Table Top",934.956,6,0.4,-249.3216
6431,CA-2014-165764,11/3/2014,11/7/2014,Standard Class,SH-20395,Shahid Hopkins,Consumer,United States,Jacksonville,North Carolina,28540,South,FUR-TA-10001768,Furniture,Tables,Hon Racetrack Conference Tables,945.036,6,0.4,-299.2614
4,US-2015-108966,10/11/2015,10/18/2015,Standard Class,SO-20335,Sean O'Donnell,Consumer,United States,Fort Lauderdale,Florida,33311,South,FUR-TA-10000577,Furniture,Tables,Bretford CR4500 Series Slim Rectangular Table,957.5775,5,0.45,-383.031
6439,US-2017-113992,12/14/2017,12/19/2017,Standard Class,LC-16885,Lena Creighton,Consumer,United States,Plano,Texas,75023,Central,FUR-TA-10000577,Furniture,Tables,Bretford CR4500 Series Slim Rectangular Table,974.988,4,0.3,-97.4988
2142,CA-2014-159520,6/6/2014,6/11/2014,Standard Class,GT-14635,Grant Thornton,Corporate,United States,Long Beach,New York,11561,East,FUR-TA-10003238,Furniture,Tables,"Chromcraft Bull-Nose Wood 48"" x 96"" Rectangular Conference Tables",991.764,3,0.4,-347.1174
409,CA-2017-117457,12/8/2017,12/12/2017,Standard Class,KH-16510,Keith Herrera,Consumer,United States,San Francisco,California,94110,West,FUR-TA-10002041,Furniture,Tables,"Bevis Round Conference Table Top, X-Base",1004.024,7,0.2,-112.9527
1506,CA-2015-153388,8/1/2015,8/7/2015,Standard Class,PC-19000,Pauline Chand,Home Office,United States,Los Angeles,California,90004,West,FUR-TA-10003715,Furniture,Tables,Hon 2111 Invitation Series Corner Table,1004.976,6,0.2,-175.8708
1670,US-2015-157154,1/10/2015,1/15/2015,Standard Class,MM-17920,Michael Moore,Consumer,United States,New York City,New York,10011,East,FUR-TA-10001889,Furniture,Tables,Bush Advantage Collection Racetrack Conference Table,1018.104,4,0.4,-373.3048
1989,CA-2015-127509,11/9/2015,11/13/2015,Standard Class,AS-10090,Adam Shillingsburg,Consumer,United States,Springfield,Missouri,65807,Central,FUR-TA-10002855,Furniture,Tables,Bevis Round Conference Table Top & Single Column Base,1024.38,7,0,215.1198
283,CA-2015-130890,11/2/2015,11/6/2015,Standard Class,JO-15280,Jas O'Carroll,Consumer,United States,Los Angeles,California,90004,West,FUR-TA-10002903,Furniture,Tables,"Bevis Round Bullnose 29"" High Table Top",1038.84,5,0.2,51.942
25,CA-2015-106320,9/25/2015,9/30/2015,Standard Class,EB-13870,Emily Burns,Consumer,United States,Orem,Utah,84057,West,FUR-TA-10000577,Furniture,Tables,Bretford CR4500 Series Slim Rectangular Table,1044.63,3,0,240.2649
1563,US-2017-102890,6/30/2017,6/30/2017,Same Day,SG-20470,Sheri Gordon,Consumer,United States,New York City,New York,10011,East,FUR-TA-10000577,Furniture,Tables,Bretford CR4500 Series Slim Rectangular Table,1044.63,5,0.4,-295.9785
1728,US-2017-164056,4/29/2017,5/4/2017,Second Class,FM-14215,Filia McAdams,Corporate,United States,Dublin,Ohio,43017,East,FUR-TA-10001307,Furniture,Tables,"SAFCO PlanMaster Heigh-Adjustable Drafting Table Base, 43w x 30d x 30-37h, Black",1048.35,5,0.4,-69.89
7489,US-2015-134558,12/19/2015,12/24/2015,Second Class,PM-19135,Peter McVee,Home Office,United States,Dover,New Hampshire,3820,East,FUR-TA-10003473,Furniture,Tables,Bretford Rectangular Conference Table Tops,1053.164,4,0.3,-105.3164
8555,CA-2016-102092,12/9/2016,12/11/2016,First Class,PM-18940,Paul MacIntyre,Consumer,United States,Springfield,Virginia,22153,South,FUR-TA-10002530,Furniture,Tables,"Iceberg OfficeWorks 42"" Round Tables",1056.86,7,0,158.529
2359,US-2014-148838,3/17/2014,3/21/2014,Standard Class,CP-12340,Christine Phan,Corporate,United States,New York City,New York,10024,East,FUR-TA-10001950,Furniture,Tables,Balt Solid Wood Round Tables,1071.576,4,0.4,-553.6476
1003,CA-2015-124891,7/31/2015,7/31/2015,Same Day,RH-19495,Rick Hansen,Consumer,United States,New York City,New York,10024,East,FUR-TA-10002903,Furniture,Tables,"Bevis Round Bullnose 29"" High Table Top",1090.782,7,0.4,-290.8752
943,CA-2016-142958,12/13/2016,12/20/2016,Standard Class,RW-19630,Rob Williams,Corporate,United States,Torrance,California,90503,West,FUR-TA-10000577,Furniture,Tables,Bretford CR4500 Series Slim Rectangular Table,1114.272,4,0.2,41.7852
9060,CA-2016-132304,6/14/2016,6/18/2016,Standard Class,AR-10825,Anthony Rawles,Corporate,United States,Seattle,Washington,98103,West,FUR-TA-10004619,Furniture,Tables,Hon Non-Folding Utility Tables,1115.17,7,0,334.551
8784,CA-2016-116911,9/15/2016,9/20/2016,Standard Class,JD-16150,Justin Deggeller,Corporate,United States,Twin Falls,Idaho,83301,West,FUR-TA-10003473,Furniture,Tables,Bretford Rectangular Conference Table Tops,1128.39,3,0,259.5297
2484,CA-2017-126067,8/28/2017,9/3/2017,Standard Class,KN-16705,Kristina Nunn,Home Office,United States,Seattle,Washington,98105,West,FUR-TA-10000617,Furniture,Tables,"Hon Practical Foundations 30 x 60 Training Table, Light Gray/Charcoal",1137.75,5,0,250.305
7841,US-2014-137869,3/28/2014,4/2/2014,Standard Class,CV-12295,Christina VanderZanden,Consumer,United States,Des Moines,Iowa,50315,Central,FUR-TA-10003954,Furniture,Tables,Hon 94000 Series Round Tables,1184.72,4,0,106.6248
3485,CA-2014-124688,8/27/2014,8/29/2014,First Class,CC-12610,Corey Catlett,Corporate,United States,Springfield,Virginia,22153,South,FUR-TA-10003569,Furniture,Tables,Bretford CR8500 Series Meeting Room Furniture,1202.94,3,0,300.735
5927,US-2014-118997,4/8/2014,4/12/2014,Standard Class,RA-19885,Ruben Ausman,Corporate,United States,Decatur,Alabama,35601,South,FUR-TA-10001086,Furniture,Tables,"SAFCO PlanMaster Boards, 60w x 37-1/2d, White Melamine",1215.92,8,0,316.1392
2610,CA-2014-127446,11/25/2014,11/30/2014,Standard Class,MC-17590,Matt Collister,Corporate,United States,Arlington,Texas,76017,Central,FUR-TA-10000577,Furniture,Tables,Bretford CR4500 Series Slim Rectangular Table,1218.735,5,0.3,-121.8735
8181,CA-2015-119879,11/21/2015,11/25/2015,Standard Class,SS-20410,Shahid Shariari,Consumer,United States,Philadelphia,Pennsylvania,19120,East,FUR-TA-10002958,Furniture,Tables,"Bevis Oval Conference Table, Walnut",1252.704,8,0.4,-480.2032
5632,CA-2014-127614,2/11/2014,2/15/2014,Standard Class,NF-18385,Natalie Fritzler,Consumer,United States,Chesapeake,Virginia,23320,South,FUR-TA-10003715,Furniture,Tables,Hon 2111 Invitation Series Corner Table,1256.22,6,0,75.3732
464,CA-2016-109869,4/22/2016,4/29/2016,Standard Class,TN-21040,Tanja Norvell,Home Office,United States,Phoenix,Arizona,85023,West,FUR-TA-10001889,Furniture,Tables,Bush Advantage Collection Racetrack Conference Table,1272.63,6,0.5,-814.4832
5871,CA-2016-128223,6/14/2016,6/14/2016,Same Day,EB-13705,Ed Braxton,Corporate,United States,Anaheim,California,92804,West,FUR-TA-10001771,Furniture,Tables,"Bush Cubix Conference Tables, Fully Assembled",1293.488,7,0.2,80.843
811,CA-2014-151995,10/13/2014,10/15/2014,First Class,ZC-21910,Zuschuss Carroll,Consumer,United States,Edmonds,Washington,98026,West,FUR-TA-10002903,Furniture,Tables,"Bevis Round Bullnose 29"" High Table Top",1298.55,5,0,311.652
2478,CA-2017-102750,9/4/2017,9/8/2017,Second Class,GM-14695,Greg Maxwell,Corporate,United States,Los Angeles,California,90036,West,FUR-TA-10000198,Furniture,Tables,Chromcraft Bull-Nose Wood Oval Conference Tables & Bases,1322.352,3,0.2,-99.1764
558,CA-2016-113243,6/10/2016,6/15/2016,Standard Class,OT-18730,Olvera Toch,Consumer,United States,Los Angeles,California,90045,West,FUR-TA-10004256,Furniture,Tables,Bretford ÒJust In TimeÓ Height-Adjustable Multi-Task Work Tables,1335.68,4,0.2,-217.048
3481,CA-2016-131289,12/8/2016,12/14/2016,Standard Class,SP-20620,Stefania Perrino,Corporate,United States,San Francisco,California,94110,West,FUR-TA-10003954,Furniture,Tables,Hon 94000 Series Round Tables,1421.664,6,0.2,-195.4788
6640,CA-2014-108609,10/31/2014,11/2/2014,Second Class,AJ-10780,Anthony Jacobs,Corporate,United States,Lorain,Ohio,44052,East,FUR-TA-10003954,Furniture,Tables,Hon 94000 Series Round Tables,1421.664,8,0.4,-734.5264
1812,CA-2014-132612,6/9/2014,6/11/2014,Second Class,FO-14305,Frank Olsen,Consumer,United States,Harrisonburg,Virginia,22801,South,FUR-TA-10004534,Furniture,Tables,Bevis 44 x 96 Conference Tables,1441.3,7,0,245.021
5460,CA-2017-116680,9/4/2017,9/6/2017,Second Class,PK-19075,Pete Kriz,Consumer,United States,San Francisco,California,94122,West,FUR-TA-10001771,Furniture,Tables,"Bush Cubix Conference Tables, Fully Assembled",1478.272,8,0.2,92.392
378,US-2017-134481,8/27/2017,9/1/2017,Standard Class,AR-10405,Allen Rosenblatt,Corporate,United States,Franklin,Massachusetts,2038,East,FUR-TA-10004915,Furniture,Tables,"Office Impressions End Table, 20-1/2""H x 24""W x 20""D",1488.424,7,0.3,-297.6848
9222,CA-2017-103212,10/13/2017,10/14/2017,First Class,MH-18025,Michelle Huthwaite,Consumer,United States,Lafayette,Louisiana,70506,South,FUR-TA-10003473,Furniture,Tables,Bretford Rectangular Conference Table Tops,1504.52,4,0,346.0396
7650,CA-2015-101889,12/27/2015,12/31/2015,Standard Class,DB-13120,David Bremer,Corporate,United States,Marion,Ohio,43302,East,FUR-TA-10004154,Furniture,Tables,"Riverside Furniture Oval Coffee Table, Oval End Table, End Table with Drawer",1548.99,9,0.4,-464.697
7687,CA-2016-169838,11/25/2016,11/29/2016,Standard Class,BB-11545,Brenda Bowman,Corporate,United States,Jackson,Michigan,49201,Central,FUR-TA-10001095,Furniture,Tables,Chromcraft Round Conference Tables,1568.61,9,0,329.4081
2358,US-2014-148838,3/17/2014,3/21/2014,Standard Class,CP-12340,Christine Phan,Corporate,United States,New York City,New York,10024,East,FUR-TA-10003473,Furniture,Tables,Bretford Rectangular Conference Table Tops,1579.746,7,0.4,-447.5947
9494,CA-2016-105207,1/3/2016,1/8/2016,Standard Class,BO-11350,Bill Overfelt,Corporate,United States,Broken Arrow,Oklahoma,74012,Central,FUR-TA-10000617,Furniture,Tables,"Hon Practical Foundations 30 x 60 Training Table, Light Gray/Charcoal",1592.85,7,0,350.427
1014,US-2015-126214,12/21/2015,12/24/2015,Second Class,JS-15880,John Stevenson,Consumer,United States,Seattle,Washington,98103,West,FUR-TA-10003748,Furniture,Tables,Bevis 36 x 72 Conference Tables,1618.37,13,0,356.0414
722,CA-2016-142335,12/15/2016,12/19/2016,Standard Class,MP-17965,Michael Paige,Corporate,United States,Detroit,Michigan,48205,Central,FUR-TA-10000198,Furniture,Tables,Chromcraft Bull-Nose Wood Oval Conference Tables & Bases,1652.94,3,0,231.4116
6877,US-2016-121013,9/5/2016,9/10/2016,Standard Class,MM-17920,Michael Moore,Consumer,United States,Chesapeake,Virginia,23320,South,FUR-TA-10003238,Furniture,Tables,"Chromcraft Bull-Nose Wood 48"" x 96"" Rectangular Conference Tables",1652.94,3,0,314.0586
1517,CA-2017-148446,12/10/2017,12/14/2017,Second Class,MC-17845,Michael Chen,Consumer,United States,North Las Vegas,Nevada,89031,West,FUR-TA-10004256,Furniture,Tables,Bretford ÒJust In TimeÓ Height-Adjustable Multi-Task Work Tables,1669.6,4,0,116.872
7998,US-2017-105998,11/3/2017,11/5/2017,First Class,CR-12580,Clay Rozendal,Home Office,United States,San Diego,California,92037,West,FUR-TA-10001095,Furniture,Tables,Chromcraft Round Conference Tables,1673.184,12,0.2,20.9148
7115,US-2016-102239,5/5/2016,5/6/2016,First Class,LW-16990,Lindsay Williams,Corporate,United States,Henderson,Nevada,89015,West,FUR-TA-10003392,Furniture,Tables,Global Adaptabilities Conference Tables,1685.88,6,0,320.3172
11,CA-2014-115812,6/9/2014,6/14/2014,Standard Class,BH-11710,Brosina Hoffman,Consumer,United States,Los Angeles,California,90032,West,FUR-TA-10001539,Furniture,Tables,Chromcraft Rectangular Conference Tables,1706.184,9,0.2,85.3092
6632,CA-2016-105081,12/25/2016,12/30/2016,Standard Class,JE-15715,Joe Elijah,Consumer,United States,Seattle,Washington,98115,West,FUR-TA-10001307,Furniture,Tables,"SAFCO PlanMaster Heigh-Adjustable Drafting Table Base, 43w x 30d x 30-37h, Black",1747.25,5,0,629.01
5067,CA-2017-142090,11/30/2017,12/7/2017,Standard Class,SC-20380,Shahid Collister,Consumer,United States,Burlington,North Carolina,27217,South,FUR-TA-10001889,Furniture,Tables,Bush Advantage Collection Racetrack Conference Table,1781.682,7,0.4,-653.2834
8994,CA-2017-159100,10/16/2017,10/21/2017,Standard Class,VP-21760,Victoria Pisteka,Corporate,United States,Columbia,Tennessee,38401,South,FUR-TA-10001950,Furniture,Tables,Balt Solid Wood Round Tables,1875.258,7,0.4,-968.8833
6882,CA-2015-137113,12/1/2015,12/5/2015,Second Class,TW-21025,Tamara Willingham,Home Office,United States,Seattle,Washington,98105,West,FUR-TA-10001705,Furniture,Tables,Bush Advantage Collection Round Conference Table,1913.4,9,0,401.814
3771,CA-2016-155530,12/17/2016,12/21/2016,Standard Class,CM-12160,Charles McCrossin,Consumer,United States,San Francisco,California,94122,West,FUR-TA-10004256,Furniture,Tables,Bretford ÒJust In TimeÓ Height-Adjustable Multi-Task Work Tables,2003.52,6,0.2,-325.572
8169,CA-2017-107174,11/6/2017,11/13/2017,Standard Class,AB-10060,Adam Bellavance,Home Office,United States,Seattle,Washington,98105,West,FUR-TA-10004575,Furniture,Tables,Hon 5100 Series Wood Tables,2036.86,7,0,366.6348
950,US-2017-110576,11/28/2017,12/2/2017,Standard Class,RB-19795,Ross Baird,Home Office,United States,Philadelphia,Pennsylvania,19120,East,FUR-TA-10004154,Furniture,Tables,"Riverside Furniture Oval Coffee Table, Oval End Table, End Table with Drawer",2065.32,12,0.4,-619.596
1156,CA-2014-136567,12/20/2014,12/21/2014,First Class,PS-19045,Penelope Sewall,Home Office,United States,Harrisonburg,Virginia,22801,South,FUR-TA-10001932,Furniture,Tables,"Chromcraft 48"" x 96"" Racetrack Double Pedestal Table",2244.48,7,0,493.7856
5301,CA-2016-113831,5/30/2016,6/3/2016,Standard Class,AH-10690,Anna HŠberlin,Corporate,United States,Springfield,Virginia,22153,South,FUR-TA-10002645,Furniture,Tables,Hon Rectangular Conference Tables,2275.5,10,0,386.835
5321,US-2017-162558,10/2/2017,10/5/2017,First Class,Dp-13240,Dean percer,Home Office,United States,Knoxville,Tennessee,37918,South,FUR-TA-10000198,Furniture,Tables,Chromcraft Bull-Nose Wood Oval Conference Tables & Bases,2314.116,7,0.4,-1002.7836
5627,CA-2014-126683,9/29/2014,10/1/2014,Second Class,PP-18955,Paul Prost,Home Office,United States,Seattle,Washington,98115,West,FUR-TA-10002958,Furniture,Tables,"Bevis Oval Conference Table, Walnut",2348.82,9,0,399.2994
3581,CA-2016-104157,7/25/2016,7/29/2016,Standard Class,MT-17815,Meg Tillman,Consumer,United States,Jackson,Mississippi,39212,South,FUR-TA-10004915,Furniture,Tables,"Office Impressions End Table, 20-1/2""H x 24""W x 20""D",2430.08,8,0,388.8128
2568,CA-2017-123967,11/1/2017,11/3/2017,Second Class,SF-20200,Sarah Foster,Consumer,United States,Bellingham,Washington,98226,West,FUR-TA-10003954,Furniture,Tables,Hon 94000 Series Round Tables,2665.62,9,0,239.9058
8469,US-2016-164196,11/11/2016,11/17/2016,Standard Class,AS-10285,Alejandro Savely,Corporate,United States,Noblesville,Indiana,46060,Central,FUR-TA-10001950,Furniture,Tables,Balt Solid Wood Round Tables,2678.94,6,0,241.1046
6869,US-2016-126452,8/21/2016,8/28/2016,Standard Class,SC-20230,Scot Coram,Corporate,United States,Los Angeles,California,90004,West,FUR-TA-10003569,Furniture,Tables,Bretford CR8500 Series Meeting Room Furniture,2887.056,9,0.2,180.441
9858,CA-2015-164301,3/26/2015,3/30/2015,Standard Class,EB-13840,Ellis Ballard,Corporate,United States,Seattle,Washington,98103,West,FUR-TA-10001889,Furniture,Tables,Bush Advantage Collection Racetrack Conference Table,3393.68,8,0,610.8624
1247,CA-2014-168494,12/12/2014,12/14/2014,Second Class,NP-18700,Nora Preis,Consumer,United States,Fresno,California,93727,West,FUR-TA-10003473,Furniture,Tables,Bretford Rectangular Conference Table Tops,3610.848,12,0.2,135.4068
9640,CA-2015-116638,1/28/2015,1/31/2015,Second Class,JH-15985,Joseph Holt,Consumer,United States,Concord,North Carolina,28027,South,FUR-TA-10000198,Furniture,Tables,Chromcraft Bull-Nose Wood Oval Conference Tables & Bases,4297.644,13,0.4,-1862.3124
